,file,title,datafile,type
0,fluviald_structures_damages.png,fluviald structures damages,fluviald_structures_damages.csv,output
1,fluvialu_formal_content_2d_sim_shareinc.png,fluvialu formal content 2d sim shareinc,fluvialu_formal_content_2d_sim_shareinc.csv,output
2,pluvial_formal_content_2d_sim.png,pluvial formal content 2d sim,pluvial_formal_content_2d_sim.csv,output
3,pluvial_subsidized_structure_2d_data_shareinc.png,pluvial subsidized structure 2d data shareinc,pluvial_subsidized_structure_2d_data_shareinc.csv,output
4,pluvial_informal_structure_2d_sim.png,pluvial informal structure 2d sim,pluvial_informal_structure_2d_sim.csv,output
5,coastal_formal_structure_2d_data_shareinc.png,coastal formal structure 2d data shareinc,coastal_formal_structure_2d_data_shareinc.csv,output
6,overall_avg_income_valid_1d.png,overall avg income valid 1d,overall_avg_income_valid_1d.csv,output
7,pluvial_subsidized_content_2d_sim.png,pluvial subsidized content 2d sim,pluvial_subsidized_content_2d_sim.csv,output
8,pluvial_informal_structure_2d_data_shareinc.png,pluvial informal structure 2d data shareinc,pluvial_informal_structure_2d_data_shareinc.csv,output
9,coastal_backyard_structure_2d_data.png,coastal backyard structure 2d data,coastal_backyard_structure_2d_data.csv,output
10,coastal_subsidized_content_2d_data_shareinc.png,coastal subsidized content 2d data shareinc,coastal_subsidized_content_2d_data_shareinc.csv,output
11,fluviald_informal_structure_2d_sim_shareinc.png,fluviald informal structure 2d sim shareinc,fluviald_informal_structure_2d_sim_shareinc.csv,output
12,validation_density_backyard.png,validation density backyard,validation_density_backyard.csv,output
13,coastal_subsidized_content_2d_data.png,coastal subsidized content 2d data,coastal_subsidized_content_2d_data.csv,output
14,pluvial_formal_structure_2d_data_shareinc.png,pluvial formal structure 2d data shareinc,pluvial_formal_structure_2d_data_shareinc.csv,output
15,fluvialu_backyard_structure_2d_sim_shareinc.png,fluvialu backyard structure 2d sim shareinc,fluvialu_backyard_structure_2d_sim_shareinc.csv,output
16,fluvialu_informal_structure_2d_data_shareinc.png,fluvialu informal structure 2d data shareinc,fluvialu_informal_structure_2d_data_shareinc.csv,output
17,coastal_subsidized_structure_2d_data_shareinc.png,coastal subsidized structure 2d data shareinc,coastal_subsidized_structure_2d_data_shareinc.csv,output
18,rent_backyard_2d_sim.png,rent backyard 2d sim,rent_backyard_2d_sim.csv,output
19,fluviald_backyard_structure_2d_sim.png,fluviald backyard structure 2d sim,fluviald_backyard_structure_2d_sim.csv,output
20,coastal_subsidized_structure_2d_sim.png,coastal subsidized structure 2d sim,coastal_subsidized_structure_2d_sim.csv,output
21,landrent_backyard_2d_sim.png,landrent backyard 2d sim,landrent_backyard_2d_sim.csv,output
22,validation_flood_proportion_fluvialu.png,validation flood proportion fluvialu,validation_flood_proportion_fluvialu.csv,output
23,validation_density_formal.png,validation density formal,validation_density_formal.csv,output
24,fluvialu_informal_content_2d_sim_shareinc.png,fluvialu informal content 2d sim shareinc,fluvialu_informal_content_2d_sim_shareinc.csv,output
25,fluviald_informal_content_2d_sim_shareinc.png,fluviald informal content 2d sim shareinc,fluviald_informal_content_2d_sim_shareinc.csv,output
26,fluvialu_subsidized_structure_2d_sim_shareinc.png,fluvialu subsidized structure 2d sim shareinc,fluvialu_subsidized_structure_2d_sim_shareinc.csv,output
27,fluviald_informal_content_2d_data_shareinc.png,fluviald informal content 2d data shareinc,fluviald_informal_content_2d_data_shareinc.csv,output
28,pluvial_backyard_structure_2d_data.png,pluvial backyard structure 2d data,pluvial_backyard_structure_2d_data.csv,output
29,fluvialu_informal_structure_2d_sim_shareinc.png,fluvialu informal structure 2d sim shareinc,fluvialu_informal_structure_2d_sim_shareinc.csv,output
30,pluvial_subsidized_content_2d_data.png,pluvial subsidized content 2d data,pluvial_subsidized_content_2d_data.csv,output
31,rich_sim.png,rich sim,rich_sim.csv,output
32,coastal_formal_structure_2d_sim_shareinc.png,coastal formal structure 2d sim shareinc,coastal_formal_structure_2d_sim_shareinc.csv,output
33,FAR_informal_2d_sim.png,FAR informal 2d sim,FAR_informal_2d_sim.csv,output
34,rdp_sim.png,rdp sim,rdp_sim.csv,output
35,fluviald_subsidized_structure_2d_data.png,fluviald subsidized structure 2d data,fluviald_subsidized_structure_2d_data.csv,output
36,informal_data.png,informal data,informal_data.csv,output
37,netincome_poor_2d_sim.png,netincome poor 2d sim,netincome_poor_2d_sim.csv,output
38,fluviald_backyard_structure_2d_sim_shareinc.png,fluviald backyard structure 2d sim shareinc,fluviald_backyard_structure_2d_sim_shareinc.csv,output
39,fluviald_informal_structure_2d_data_shareinc.png,fluviald informal structure 2d data shareinc,fluviald_informal_structure_2d_data_shareinc.csv,output
40,pluvial_subsidized_structure_2d_data.png,pluvial subsidized structure 2d data,pluvial_subsidized_structure_2d_data.csv,output
41,fluvialu_formal_structure_2d_data_shareinc.png,fluvialu formal structure 2d data shareinc,fluvialu_formal_structure_2d_data_shareinc.csv,output
42,pluvial_formal_content_2d_sim_shareinc.png,pluvial formal content 2d sim shareinc,pluvial_formal_content_2d_sim_shareinc.csv,output
43,informal_sim.png,informal sim,informal_sim.csv,output
44,coastal_backyard_structure_2d_data_shareinc.png,coastal backyard structure 2d data shareinc,coastal_backyard_structure_2d_data_shareinc.csv,output
45,fluvialu_informal_content_2d_sim.png,fluvialu informal content 2d sim,fluvialu_informal_content_2d_sim.csv,output
46,validation_flood_proportion_fluviald.png,validation flood proportion fluviald,validation_flood_proportion_fluviald.csv,output
47,validation_housing_demand.png,validation housing demand,validation_housing_demand.csv,output
48,fluviald_formal_content_2d_sim.png,fluviald formal content 2d sim,fluviald_formal_content_2d_sim.csv,output
49,validation_flood_depth_coastal.png,validation flood depth coastal,validation_flood_depth_coastal.csv,output
50,pluvial_backyard_content_2d_data_shareinc.png,pluvial backyard content 2d data shareinc,pluvial_backyard_content_2d_data_shareinc.csv,output
51,fluvialu_backyard_content_2d_data.png,fluvialu backyard content 2d data,fluvialu_backyard_content_2d_data.csv,output
52,fluviald_formal_structure_2d_sim.png,fluviald formal structure 2d sim,fluviald_formal_structure_2d_sim.csv,output
53,validation_flood_depth_pluvial.png,validation flood depth pluvial,validation_flood_depth_pluvial.csv,output
54,pluvial_backyard_content_2d_sim_shareinc.png,pluvial backyard content 2d sim shareinc,pluvial_backyard_content_2d_sim_shareinc.csv,output
55,coastal_backyard_content_2d_data_shareinc.png,coastal backyard content 2d data shareinc,coastal_backyard_content_2d_data_shareinc.csv,output
56,pluvial_formal_structure_2d_sim.png,pluvial formal structure 2d sim,pluvial_formal_structure_2d_sim.csv,output
57,avgincome_all_2d_sim.png,avgincome all 2d sim,avgincome_all_2d_sim.csv,output
58,fluvialu_subsidized_structure_2d_data_shareinc.png,fluvialu subsidized structure 2d data shareinc,fluvialu_subsidized_structure_2d_data_shareinc.csv,output
59,pluvial_subsidized_content_2d_sim_shareinc.png,pluvial subsidized content 2d sim shareinc,pluvial_subsidized_content_2d_sim_shareinc.csv,output
60,validation_flood_depth_fluvialu.png,validation flood depth fluvialu,validation_flood_depth_fluvialu.csv,output
61,validation_density_midrich.png,validation density midrich,validation_density_midrich.csv,output
62,coastal_formal_structure_2d_sim.png,coastal formal structure 2d sim,coastal_formal_structure_2d_sim.csv,output
63,fluviald_subsidized_structure_2d_sim_shareinc.png,fluviald subsidized structure 2d sim shareinc,fluviald_subsidized_structure_2d_sim_shareinc.csv,output
64,coastal_formal_structure_2d_data.png,coastal formal structure 2d data,coastal_formal_structure_2d_data.csv,output
65,total_data.png,total data,total_data.csv,output
66,hsupply_rdp_2d_sim.png,hsupply rdp 2d sim,hsupply_rdp_2d_sim.csv,output
67,validation_housing_type.png,validation housing type,validation_housing_type.csv,output
68,FAR_rdp_2d_sim.png,FAR rdp 2d sim,FAR_rdp_2d_sim.csv,output
69,midpoor_sim.png,midpoor sim,midpoor_sim.csv,output
70,fluviald_formal_structure_2d_sim_shareinc.png,fluviald formal structure 2d sim shareinc,fluviald_formal_structure_2d_sim_shareinc.csv,output
71,fluvialu_formal_structure_2d_sim_shareinc.png,fluvialu formal structure 2d sim shareinc,fluvialu_formal_structure_2d_sim_shareinc.csv,output
72,pluvial_informal_structure_2d_data.png,pluvial informal structure 2d data,pluvial_informal_structure_2d_data.csv,output
73,validation_housing_price0.png,validation housing price0,validation_housing_price0.csv,output
74,validation_housing_supply.png,validation housing supply,validation_housing_supply.csv,output
75,fluvialu_formal_content_2d_sim.png,fluvialu formal content 2d sim,fluvialu_formal_content_2d_sim.csv,output
76,hsupply_informal_2d_sim.png,hsupply informal 2d sim,hsupply_informal_2d_sim.csv,output
77,HFA_dens_formal_2d_sim.png,HFA dens formal 2d sim,HFA_dens_formal_2d_sim.csv,output
78,fluviald_subsidized_content_2d_sim.png,fluviald subsidized content 2d sim,fluviald_subsidized_content_2d_sim.csv,output
79,coastal_backyard_content_2d_sim.png,coastal backyard content 2d sim,coastal_backyard_content_2d_sim.csv,output
80,coastal_informal_content_2d_data.png,coastal informal content 2d data,coastal_informal_content_2d_data.csv,output
81,fluviald_informal_structure_2d_sim.png,fluviald informal structure 2d sim,fluviald_informal_structure_2d_sim.csv,output
82,backyard_data.png,backyard data,backyard_data.csv,output
83,total_sim.png,total sim,total_sim.csv,output
84,coastal_subsidized_content_2d_sim_shareinc.png,coastal subsidized content 2d sim shareinc,coastal_subsidized_content_2d_sim_shareinc.csv,output
85,formal_data.png,formal data,formal_data.csv,output
86,validation_density_FP_income.png,validation density FP income,validation_density_FP_income.csv,output
87,validation_housing_price1.png,validation housing price1,validation_housing_price1.csv,output
88,coastal_informal_content_2d_sim_shareinc.png,coastal informal content 2d sim shareinc,coastal_informal_content_2d_sim_shareinc.csv,output
89,fluvialu_backyard_content_2d_data_shareinc.png,fluvialu backyard content 2d data shareinc,fluvialu_backyard_content_2d_data_shareinc.csv,output
90,validation_flood_depth_fluviald.png,validation flood depth fluviald,validation_flood_depth_fluviald.csv,output
91,fluviald_backyard_content_2d_data.png,fluviald backyard content 2d data,fluviald_backyard_content_2d_data.csv,output
92,fluviald_backyard_content_2d_sim.png,fluviald backyard content 2d sim,fluviald_backyard_content_2d_sim.csv,output
93,coastal_subsidized_structure_2d_data.png,coastal subsidized structure 2d data,coastal_subsidized_structure_2d_data.csv,output
94,fluviald_formal_content_2d_sim_shareinc.png,fluviald formal content 2d sim shareinc,fluviald_formal_content_2d_sim_shareinc.csv,output
95,pluvial_backyard_structure_2d_sim.png,pluvial backyard structure 2d sim,pluvial_backyard_structure_2d_sim.csv,output
96,fluvialu_subsidized_structure_2d_sim.png,fluvialu subsidized structure 2d sim,fluvialu_subsidized_structure_2d_sim.csv,output
97,validation_density_rich.png,validation density rich,validation_density_rich.csv,output
98,netincome_rich_2d_sim.png,netincome rich 2d sim,netincome_rich_2d_sim.csv,output
99,coastal_structures_damages.png,coastal structures damages,coastal_structures_damages.csv,output
100,coastal_informal_structure_2d_data.png,coastal informal structure 2d data,coastal_informal_structure_2d_data.csv,output
101,coastal_formal_content_2d_data.png,coastal formal content 2d data,coastal_formal_content_2d_data.csv,output
102,backyard_sim.png,backyard sim,backyard_sim.csv,output
103,pluvial_backyard_content_2d_sim.png,pluvial backyard content 2d sim,pluvial_backyard_content_2d_sim.csv,output
104,pluvial_backyard_content_2d_data.png,pluvial backyard content 2d data,pluvial_backyard_content_2d_data.csv,output
105,validation_housing_supply_noland.png,validation housing supply noland,validation_housing_supply_noland.csv,output
106,FU_severity_distrib.png,FU severity distrib,FU_severity_distrib.csv,output
107,fluviald_backyard_structure_2d_data_shareinc.png,fluviald backyard structure 2d data shareinc,fluviald_backyard_structure_2d_data_shareinc.csv,output
108,poor_sim.png,poor sim,poor_sim.csv,output
109,fluviald_subsidized_structure_2d_data_shareinc.png,fluviald subsidized structure 2d data shareinc,fluviald_subsidized_structure_2d_data_shareinc.csv,output
110,fluvialu_backyard_structure_2d_data.png,fluvialu backyard structure 2d data,fluvialu_backyard_structure_2d_data.csv,output
111,avgincome_midrich_2d_sim.png,avgincome midrich 2d sim,avgincome_midrich_2d_sim.csv,output
112,fluvialu_subsidized_content_2d_data.png,fluvialu subsidized content 2d data,fluvialu_subsidized_content_2d_data.csv,output
113,rent_formal_2d_sim.png,rent formal 2d sim,rent_formal_2d_sim.csv,output
114,FAR_formal_2d_sim.png,FAR formal 2d sim,FAR_formal_2d_sim.csv,output
115,pluvial_subsidized_content_2d_data_shareinc.png,pluvial subsidized content 2d data shareinc,pluvial_subsidized_content_2d_data_shareinc.csv,output
116,fluvialu_backyard_content_2d_sim.png,fluvialu backyard content 2d sim,fluvialu_backyard_content_2d_sim.csv,output
117,validation_density_IB_income.png,validation density IB income,validation_density_IB_income.csv,output
118,validation_density_poor.png,validation density poor,validation_density_poor.csv,output
119,pluvial_formal_content_2d_data_shareinc.png,pluvial formal content 2d data shareinc,pluvial_formal_content_2d_data_shareinc.csv,output
120,coastal_formal_content_2d_sim.png,coastal formal content 2d sim,coastal_formal_content_2d_sim.csv,output
121,coastal_informal_structure_2d_data_shareinc.png,coastal informal structure 2d data shareinc,coastal_informal_structure_2d_data_shareinc.csv,output
122,pluvial_formal_structure_2d_sim_shareinc.png,pluvial formal structure 2d sim shareinc,pluvial_formal_structure_2d_sim_shareinc.csv,output
123,pluvial_informal_content_2d_data_shareinc.png,pluvial informal content 2d data shareinc,pluvial_informal_content_2d_data_shareinc.csv,output
124,fluvialu_backyard_structure_2d_sim.png,fluvialu backyard structure 2d sim,fluvialu_backyard_structure_2d_sim.csv,output
125,fluvialu_subsidized_content_2d_data_shareinc.png,fluvialu subsidized content 2d data shareinc,fluvialu_subsidized_content_2d_data_shareinc.csv,output
126,pluvial_backyard_structure_2d_sim_shareinc.png,pluvial backyard structure 2d sim shareinc,pluvial_backyard_structure_2d_sim_shareinc.csv,output
127,hsupply_backyard_2d_sim.png,hsupply backyard 2d sim,hsupply_backyard_2d_sim.csv,output
128,coastal_informal_content_2d_data_shareinc.png,coastal informal content 2d data shareinc,coastal_informal_content_2d_data_shareinc.csv,output
129,fluviald_formal_content_2d_data_shareinc.png,fluviald formal content 2d data shareinc,fluviald_formal_content_2d_data_shareinc.csv,output
130,coastal_informal_structure_2d_sim_shareinc.png,coastal informal structure 2d sim shareinc,coastal_informal_structure_2d_sim_shareinc.csv,output
131,fluviald_backyard_content_2d_sim_shareinc.png,fluviald backyard content 2d sim shareinc,fluviald_backyard_content_2d_sim_shareinc.csv,output
132,fluvialu_backyard_content_2d_sim_shareinc.png,fluvialu backyard content 2d sim shareinc,fluvialu_backyard_content_2d_sim_shareinc.csv,output
133,fluvialu_backyard_structure_2d_data_shareinc.png,fluvialu backyard structure 2d data shareinc,fluvialu_backyard_structure_2d_data_shareinc.csv,output
134,pluvial_informal_structure_2d_sim_shareinc.png,pluvial informal structure 2d sim shareinc,pluvial_informal_structure_2d_sim_shareinc.csv,output
135,netincome_midrich_2d_sim.png,netincome midrich 2d sim,netincome_midrich_2d_sim.csv,output
136,FD_severity_distrib.png,FD severity distrib,FD_severity_distrib.csv,output
137,coastal_backyard_structure_2d_sim_shareinc.png,coastal backyard structure 2d sim shareinc,coastal_backyard_structure_2d_sim_shareinc.csv,output
138,fluvialu_informal_content_2d_data_shareinc.png,fluvialu informal content 2d data shareinc,fluvialu_informal_content_2d_data_shareinc.csv,output
139,hsupply_formal_2d_sim.png,hsupply formal 2d sim,hsupply_formal_2d_sim.csv,output
140,P_severity_distrib.png,P severity distrib,P_severity_distrib.csv,output
141,validation_density.png,validation density,validation_density.csv,output
142,validation_density_midpoor.png,validation density midpoor,validation_density_midpoor.csv,output
143,validation_flood_proportion_pluvial.png,validation flood proportion pluvial,validation_flood_proportion_pluvial.csv,output
144,HFA_dens_formal_2d_data.png,HFA dens formal 2d data,HFA_dens_formal_2d_data.csv,output
145,fluviald_informal_structure_2d_data.png,fluviald informal structure 2d data,fluviald_informal_structure_2d_data.csv,output
146,formal_sim.png,formal sim,formal_sim.csv,output
147,fluvialu_formal_content_2d_data.png,fluvialu formal content 2d data,fluvialu_formal_content_2d_data.csv,output
148,validation_density_rdp.png,validation density rdp,validation_density_rdp.csv,output
149,avgincome_poor_2d_sim.png,avgincome poor 2d sim,avgincome_poor_2d_sim.csv,output
150,fluviald_formal_structure_2d_data_shareinc.png,fluviald formal structure 2d data shareinc,fluviald_formal_structure_2d_data_shareinc.csv,output
151,fluvialu_formal_content_2d_data_shareinc.png,fluvialu formal content 2d data shareinc,fluvialu_formal_content_2d_data_shareinc.csv,output
152,fluviald_subsidized_content_2d_data_shareinc.png,fluviald subsidized content 2d data shareinc,fluviald_subsidized_content_2d_data_shareinc.csv,output
153,validation_housing_per_income.png,validation housing per income,validation_housing_per_income.csv,output
154,hsupply_2d_sim.png,hsupply 2d sim,hsupply_2d_sim.csv,output
155,landrent_formal_2d_sim.png,landrent formal 2d sim,landrent_formal_2d_sim.csv,output
156,formal_dwellingsize_2d_sim.png,formal dwellingsize 2d sim,formal_dwellingsize_2d_sim.csv,output
157,fluvialu_formal_structure_2d_sim.png,fluvialu formal structure 2d sim,fluvialu_formal_structure_2d_sim.csv,output
158,FAR_2d_sim.png,FAR 2d sim,FAR_2d_sim.csv,output
159,pluvial_backyard_structure_2d_data_shareinc.png,pluvial backyard structure 2d data shareinc,pluvial_backyard_structure_2d_data_shareinc.csv,output
160,coastal_backyard_content_2d_data.png,coastal backyard content 2d data,coastal_backyard_content_2d_data.csv,output
161,fluviald_informal_content_2d_sim.png,fluviald informal content 2d sim,fluviald_informal_content_2d_sim.csv,output
162,avgincome_midpoor_2d_sim.png,avgincome midpoor 2d sim,avgincome_midpoor_2d_sim.csv,output
163,FAR_backyard_2d_sim.png,FAR backyard 2d sim,FAR_backyard_2d_sim.csv,output
164,pluvial_informal_content_2d_sim_shareinc.png,pluvial informal content 2d sim shareinc,pluvial_informal_content_2d_sim_shareinc.csv,output
165,pluvial_informal_content_2d_sim.png,pluvial informal content 2d sim,pluvial_informal_content_2d_sim.csv,output
166,fluvialu_formal_structure_2d_data.png,fluvialu formal structure 2d data,fluvialu_formal_structure_2d_data.csv,output
167,avgincome_all_2d_data.png,avgincome all 2d data,avgincome_all_2d_data.csv,output
168,coastal_formal_content_2d_data_shareinc.png,coastal formal content 2d data shareinc,coastal_formal_content_2d_data_shareinc.csv,output
169,fluvialu_contents_damages.png,fluvialu contents damages,fluvialu_contents_damages.csv,output
170,pluvial_subsidized_structure_2d_sim.png,pluvial subsidized structure 2d sim,pluvial_subsidized_structure_2d_sim.csv,output
171,pluvial_informal_content_2d_data.png,pluvial informal content 2d data,pluvial_informal_content_2d_data.csv,output
172,fluviald_backyard_structure_2d_data.png,fluviald backyard structure 2d data,fluviald_backyard_structure_2d_data.csv,output
173,fluviald_informal_content_2d_data.png,fluviald informal content 2d data,fluviald_informal_content_2d_data.csv,output
174,validation_flood_proportion_coastal.png,validation flood proportion coastal,validation_flood_proportion_coastal.csv,output
175,fluvialu_subsidized_content_2d_sim_shareinc.png,fluvialu subsidized content 2d sim shareinc,fluvialu_subsidized_content_2d_sim_shareinc.csv,output
176,fluviald_subsidized_content_2d_data.png,fluviald subsidized content 2d data,fluviald_subsidized_content_2d_data.csv,output
177,validation_density_IS_income.png,validation density IS income,validation_density_IS_income.csv,output
178,landrent_informal_2d_sim.png,landrent informal 2d sim,landrent_informal_2d_sim.csv,output
179,fluviald_subsidized_structure_2d_sim.png,fluviald subsidized structure 2d sim,fluviald_subsidized_structure_2d_sim.csv,output
180,rent_informal_2d_sim.png,rent informal 2d sim,rent_informal_2d_sim.csv,output
181,fluviald_formal_structure_2d_data.png,fluviald formal structure 2d data,fluviald_formal_structure_2d_data.csv,output
182,fluvialu_structures_damages.png,fluvialu structures damages,fluvialu_structures_damages.csv,output
183,fluvialu_informal_structure_2d_sim.png,fluvialu informal structure 2d sim,fluvialu_informal_structure_2d_sim.csv,output
184,pluvial_formal_structure_2d_data.png,pluvial formal structure 2d data,pluvial_formal_structure_2d_data.csv,output
185,fluvialu_subsidized_content_2d_sim.png,fluvialu subsidized content 2d sim,fluvialu_subsidized_content_2d_sim.csv,output
186,coastal_subsidized_structure_2d_sim_shareinc.png,coastal subsidized structure 2d sim shareinc,coastal_subsidized_structure_2d_sim_shareinc.csv,output
187,validation_density_informal.png,validation density informal,validation_density_informal.csv,output
188,avg_income_1d.png,avg income 1d,avg_income_1d.csv,output
189,netincome_midpoor_2d_sim.png,netincome midpoor 2d sim,netincome_midpoor_2d_sim.csv,output
190,fluvialu_informal_content_2d_data.png,fluvialu informal content 2d data,fluvialu_informal_content_2d_data.csv,output
191,fluviald_formal_content_2d_data.png,fluviald formal content 2d data,fluviald_formal_content_2d_data.csv,output
192,fluvialu_subsidized_structure_2d_data.png,fluvialu subsidized structure 2d data,fluvialu_subsidized_structure_2d_data.csv,output
193,coastal_backyard_content_2d_sim_shareinc.png,coastal backyard content 2d sim shareinc,coastal_backyard_content_2d_sim_shareinc.csv,output
194,fluvialu_informal_structure_2d_data.png,fluvialu informal structure 2d data,fluvialu_informal_structure_2d_data.csv,output
195,midrich_sim.png,midrich sim,midrich_sim.csv,output
196,pluvial_formal_content_2d_data.png,pluvial formal content 2d data,pluvial_formal_content_2d_data.csv,output
197,fluviald_contents_damages.png,fluviald contents damages,fluviald_contents_damages.csv,output
198,avgincome_rich_2d_sim.png,avgincome rich 2d sim,avgincome_rich_2d_sim.csv,output
199,coastal_formal_content_2d_sim_shareinc.png,coastal formal content 2d sim shareinc,coastal_formal_content_2d_sim_shareinc.csv,output
200,avg_income_net_of_commuting_1d.png,avg income net of commuting 1d,avg_income_net_of_commuting_1d.csv,output
201,pluvial_subsidized_structure_2d_sim_shareinc.png,pluvial subsidized structure 2d sim shareinc,pluvial_subsidized_structure_2d_sim_shareinc.csv,output
202,coastal_contents_damages.png,coastal contents damages,coastal_contents_damages.csv,output
203,C_MERITDEM_1_severity_distrib.png,C MERITDEM 1 severity distrib,C_MERITDEM_1_severity_distrib.csv,output
204,fluviald_backyard_content_2d_data_shareinc.png,fluviald backyard content 2d data shareinc,fluviald_backyard_content_2d_data_shareinc.csv,output
205,pluvial_contents_damages.png,pluvial contents damages,pluvial_contents_damages.csv,output
206,fluviald_subsidized_content_2d_sim_shareinc.png,fluviald subsidized content 2d sim shareinc,fluviald_subsidized_content_2d_sim_shareinc.csv,output
207,pluvial_structures_damages.png,pluvial structures damages,pluvial_structures_damages.csv,output
0,contents_backyard_fract_K_destroyed.png,contents backyard fract K destroyed,contents_backyard_fract_K_destroyed.csv,input
1,coeff_land_informal.png,coeff land informal,coeff_land_informal.csv,input
2,interest_rate_scenario.png,interest rate scenario,interest_rate_scenario.csv,input
3,amenity_map.png,amenity map,amenity_map.csv,input
4,FD_20yr_map_depth.png,FD 20yr map depth,FD_20yr_map_depth.csv,input
5,rich_income_in_selected_centers.png,rich income in selected centers,rich_income_in_selected_centers.csv,input
6,FU_250yr_map_area.png,FU 250yr map area,FU_250yr_map_area.csv,input
7,FU_500yr_map_area.png,FU 500yr map area,FU_500yr_map_area.csv,input
8,structure_subsidized_1_fract_K_destroyed.png,structure subsidized 1 fract K destroyed,structure_subsidized_1_fract_K_destroyed.csv,input
9,C_MERITDEM_1_0050_map_depth.png,C MERITDEM 1 0050 map depth,C_MERITDEM_1_0050_map_depth.csv,input
10,C_MERITDEM_1_0100_map_depth.png,C MERITDEM 1 0100 map depth,C_MERITDEM_1_0100_map_depth.csv,input
11,P_50yr_map_area.png,P 50yr map area,P_50yr_map_area.csv,input
12,P_50yr_map_depth.png,P 50yr map depth,P_50yr_map_depth.csv,input
13,poor_income_in_selected_centers.png,poor income in selected centers,poor_income_in_selected_centers.csv,input
14,P_10yr_map_depth.png,P 10yr map depth,P_10yr_map_depth.csv,input
15,FD_200yr_map_depth.png,FD 200yr map depth,FD_200yr_map_depth.csv,input
16,P_20yr_map_area.png,P 20yr map area,P_20yr_map_area.csv,input
17,FU_100yr_map_area.png,FU 100yr map area,FU_100yr_map_area.csv,input
18,structure_backyards_fract_K_destroyed.png,structure backyards fract K destroyed,structure_backyards_fract_K_destroyed.csv,input
19,structure_formal_backyards_fract_K_destroyed.png,structure formal backyards fract K destroyed,structure_formal_backyards_fract_K_destroyed.csv,input
20,FU_200yr_map_depth.png,FU 200yr map depth,FU_200yr_map_depth.csv,input
21,C_MERITDEM_1_0250_map_area.png,C MERITDEM 1 0250 map area,C_MERITDEM_1_0250_map_area.csv,input
22,structure_informal_backyards_fract_K_destroyed.png,structure informal backyards fract K destroyed,structure_informal_backyards_fract_K_destroyed.csv,input
23,coeff_land_formal.png,coeff land formal,coeff_land_formal.csv,input
24,structure_formal_2_fract_K_destroyed.png,structure formal 2 fract K destroyed,structure_formal_2_fract_K_destroyed.csv,input
25,contents_formal_fract_K_destroyed.png,contents formal fract K destroyed,contents_formal_fract_K_destroyed.csv,input
26,FD_100yr_map_depth.png,FD 100yr map depth,FD_100yr_map_depth.csv,input
27,informal_settlement_risk_timing.png,informal settlement risk timing,informal_settlement_risk_timing.csv,input
28,C_MERITDEM_1_0002_map_area.png,C MERITDEM 1 0002 map area,C_MERITDEM_1_0002_map_area.csv,input
29,C_MERITDEM_1_0050_map_area.png,C MERITDEM 1 0050 map area,C_MERITDEM_1_0050_map_area.csv,input
30,C_MERITDEM_1_0005_map_area.png,C MERITDEM 1 0005 map area,C_MERITDEM_1_0005_map_area.csv,input
31,jobs_poor_in_selected_centers.png,jobs poor in selected centers,jobs_poor_in_selected_centers.csv,input
32,informal_settlement_risk_proba.png,informal settlement risk proba,informal_settlement_risk_proba.csv,input
33,C_MERITDEM_1_0010_map_depth.png,C MERITDEM 1 0010 map depth,C_MERITDEM_1_0010_map_depth.csv,input
34,inc_dist_nb_scenario.png,inc dist nb scenario,inc_dist_nb_scenario.csv,input
35,jobs_midrich_in_selected_centers.png,jobs midrich in selected centers,jobs_midrich_in_selected_centers.csv,input
36,FD_20yr_map_area.png,FD 20yr map area,FD_20yr_map_area.csv,input
37,C_MERITDEM_1_0010_map_area.png,C MERITDEM 1 0010 map area,C_MERITDEM_1_0010_map_area.csv,input
38,FU_100yr_map_depth.png,FU 100yr map depth,FU_100yr_map_depth.csv,input
39,FU_75yr_map_area.png,FU 75yr map area,FU_75yr_map_area.csv,input
40,FD_250yr_map_depth.png,FD 250yr map depth,FD_250yr_map_depth.csv,input
41,FD_100yr_map_area.png,FD 100yr map area,FD_100yr_map_area.csv,input
42,FU_250yr_map_depth.png,FU 250yr map depth,FU_250yr_map_depth.csv,input
43,FD_500yr_map_area.png,FD 500yr map area,FD_500yr_map_area.csv,input
44,P_5yr_map_area.png,P 5yr map area,P_5yr_map_area.csv,input
45,jobs_total_in_selected_centers.png,jobs total in selected centers,jobs_total_in_selected_centers.csv,input
46,inc_dist_val_scenario.png,inc dist val scenario,inc_dist_val_scenario.csv,input
47,jobs_rich_in_selected_centers.png,jobs rich in selected centers,jobs_rich_in_selected_centers.csv,input
48,jobs_midpoor_in_selected_centers.png,jobs midpoor in selected centers,jobs_midpoor_in_selected_centers.csv,input
49,FU_10yr_map_area.png,FU 10yr map area,FU_10yr_map_area.csv,input
50,midrich_income_in_selected_centers.png,midrich income in selected centers,midrich_income_in_selected_centers.csv,input
51,FD_500yr_map_depth.png,FD 500yr map depth,FD_500yr_map_depth.csv,input
52,contents_subsidized_fract_K_destroyed.png,contents subsidized fract K destroyed,contents_subsidized_fract_K_destroyed.csv,input
53,P_75yr_map_depth.png,P 75yr map depth,P_75yr_map_depth.csv,input
54,FD_50yr_map_area.png,FD 50yr map area,FD_50yr_map_area.csv,input
55,C_MERITDEM_1_0000_map_depth.png,C MERITDEM 1 0000 map depth,C_MERITDEM_1_0000_map_depth.csv,input
56,P_200yr_map_area.png,P 200yr map area,P_200yr_map_area.csv,input
57,contents_informal_fract_K_destroyed.png,contents informal fract K destroyed,contents_informal_fract_K_destroyed.csv,input
58,midpoor_income_in_selected_centers.png,midpoor income in selected centers,midpoor_income_in_selected_centers.csv,input
59,FU_500yr_map_depth.png,FU 500yr map depth,FU_500yr_map_depth.csv,input
60,pop_growth_scenario.png,pop growth scenario,pop_growth_scenario.csv,input
61,FD_250yr_map_area.png,FD 250yr map area,FD_250yr_map_area.csv,input
62,P_1000yr_map_area.png,P 1000yr map area,P_1000yr_map_area.csv,input
63,FU_20yr_map_depth.png,FU 20yr map depth,FU_20yr_map_depth.csv,input
64,FU_5yr_map_depth.png,FU 5yr map depth,FU_5yr_map_depth.csv,input
65,P_250yr_map_area.png,P 250yr map area,P_250yr_map_area.csv,input
66,structure_formal_1_fract_K_destroyed.png,structure formal 1 fract K destroyed,structure_formal_1_fract_K_destroyed.csv,input
67,FU_1000yr_map_depth.png,FU 1000yr map depth,FU_1000yr_map_depth.csv,input
68,P_10yr_map_area.png,P 10yr map area,P_10yr_map_area.csv,input
69,FD_200yr_map_area.png,FD 200yr map area,FD_200yr_map_area.csv,input
70,FD_75yr_map_depth.png,FD 75yr map depth,FD_75yr_map_depth.csv,input
71,FU_50yr_map_depth.png,FU 50yr map depth,FU_50yr_map_depth.csv,input
72,C_MERITDEM_1_0005_map_depth.png,C MERITDEM 1 0005 map depth,C_MERITDEM_1_0005_map_depth.csv,input
73,C_MERITDEM_1_0100_map_area.png,C MERITDEM 1 0100 map area,C_MERITDEM_1_0100_map_area.csv,input
74,P_200yr_map_depth.png,P 200yr map depth,P_200yr_map_depth.csv,input
75,C_MERITDEM_1_0025_map_area.png,C MERITDEM 1 0025 map area,C_MERITDEM_1_0025_map_area.csv,input
76,P_500yr_map_area.png,P 500yr map area,P_500yr_map_area.csv,input
77,P_5yr_map_depth.png,P 5yr map depth,P_5yr_map_depth.csv,input
78,FD_1000yr_map_depth.png,FD 1000yr map depth,FD_1000yr_map_depth.csv,input
79,C_MERITDEM_1_0000_map_area.png,C MERITDEM 1 0000 map area,C_MERITDEM_1_0000_map_area.csv,input
80,P_100yr_map_area.png,P 100yr map area,P_100yr_map_area.csv,input
81,structure_subsidized_2_fract_K_destroyed.png,structure subsidized 2 fract K destroyed,structure_subsidized_2_fract_K_destroyed.csv,input
82,FU_10yr_map_depth.png,FU 10yr map depth,FU_10yr_map_depth.csv,input
83,P_1000yr_map_depth.png,P 1000yr map depth,P_1000yr_map_depth.csv,input
84,FU_5yr_map_area.png,FU 5yr map area,FU_5yr_map_area.csv,input
85,C_MERITDEM_1_0002_map_depth.png,C MERITDEM 1 0002 map depth,C_MERITDEM_1_0002_map_depth.csv,input
86,structure_informal_settlements_fract_K_destroyed.png,structure informal settlements fract K destroyed,structure_informal_settlements_fract_K_destroyed.csv,input
87,P_75yr_map_area.png,P 75yr map area,P_75yr_map_area.csv,input
88,FD_1000yr_map_area.png,FD 1000yr map area,FD_1000yr_map_area.csv,input
89,FU_20yr_map_area.png,FU 20yr map area,FU_20yr_map_area.csv,input
90,FU_1000yr_map_area.png,FU 1000yr map area,FU_1000yr_map_area.csv,input
91,price_fuel_scenario.png,price fuel scenario,price_fuel_scenario.csv,input
92,P_500yr_map_depth.png,P 500yr map depth,P_500yr_map_depth.csv,input
93,desktop.ini,desktop.ini,desktop.ini,input
94,coeff_land_subsidized.png,coeff land subsidized,coeff_land_subsidized.csv,input
95,FD_10yr_map_depth.png,FD 10yr map depth,FD_10yr_map_depth.csv,input
96,FD_5yr_map_area.png,FD 5yr map area,FD_5yr_map_area.csv,input
97,C_MERITDEM_1_0250_map_depth.png,C MERITDEM 1 0250 map depth,C_MERITDEM_1_0250_map_depth.csv,input
98,FD_75yr_map_area.png,FD 75yr map area,FD_75yr_map_area.csv,input
99,FD_10yr_map_area.png,FD 10yr map area,FD_10yr_map_area.csv,input
100,C_MERITDEM_1_0025_map_depth.png,C MERITDEM 1 0025 map depth,C_MERITDEM_1_0025_map_depth.csv,input
101,coeff_land_backyard.png,coeff land backyard,coeff_land_backyard.csv,input
102,FD_50yr_map_depth.png,FD 50yr map depth,FD_50yr_map_depth.csv,input
103,infla_growth_scenario.png,infla growth scenario,infla_growth_scenario.csv,input
104,P_250yr_map_depth.png,P 250yr map depth,P_250yr_map_depth.csv,input
105,P_20yr_map_depth.png,P 20yr map depth,P_20yr_map_depth.csv,input
106,FD_5yr_map_depth.png,FD 5yr map depth,FD_5yr_map_depth.csv,input
107,P_100yr_map_depth.png,P 100yr map depth,P_100yr_map_depth.csv,input
108,FU_200yr_map_area.png,FU 200yr map area,FU_200yr_map_area.csv,input
109,FU_50yr_map_area.png,FU 50yr map area,FU_50yr_map_area.csv,input
110,FU_75yr_map_depth.png,FU 75yr map depth,FU_75yr_map_depth.csv,input
